Project ID,Project Name,Department ID,Start Date,End Date,Budget
1,Project_1,4,11/3/2022,4/2/2025,344647
2,Project_2,7,7/16/2022,10/5/2024,201686
3,Project_3,4,2/6/2022,4/27/2025,251575
4,Project_4,3,1/29/2021,8/6/2024,358074
5,Project_5,4,4/11/2023,5/2/2025,424586
6,Project_6,2,8/16/2021,5/15/2025,456216
7,Project_7,6,12/22/2022,6/25/2025,396678
8,Project_8,2,12/7/2020,3/23/2025,404048
9,Project_9,3,8/18/2023,1/10/2025,486157
10,Project_10,2,8/19/2020,6/2/2025,144564
11,Project_11,7,5/7/2021,6/9/2025,68859
12,Project_12,7,11/22/2022,1/26/2025,206896
13,Project_13,1,12/1/2023,2/26/2025,11076
14,Project_14,5,8/7/2021,5/19/2025,175211
15,Project_15,3,7/31/2020,7/20/2024,178774
16,Project_16,2,5/24/2023,5/3/2025,168607
17,Project_17,2,1/31/2022,5/6/2025,335849
18,Project_18,3,11/28/2022,6/16/2025,169270
19,Project_19,7,11/27/2020,12/23/2024,367539
20,Project_20,2,7/31/2021,1/16/2025,375944
21,Project_21,1,9/11/2022,8/4/2024,198912
22,Project_22,5,2/17/2024,7/18/2024,307420
23,Project_23,3,10/17/2023,11/1/2024,71913
24,Project_24,5,3/21/2021,6/19/2025,345752
25,Project_25,5,10/30/2022,4/3/2025,318822
26,Project_26,1,3/16/2024,5/13/2025,124369
27,Project_27,7,5/7/2022,12/4/2024,349498
28,Project_28,4,5/21/2021,7/16/2024,290931
29,Project_29,7,7/9/2023,3/25/2025,381304
30,Project_30,5,12/13/2020,7/28/2024,415732
31,Project_31,1,3/4/2022,12/17/2024,175127
32,Project_32,2,3/16/2022,4/9/2025,261366
33,Project_33,1,1/2/2023,12/3/2024,207983
34,Project_34,2,6/22/2023,8/3/2024,352650
35,Project_35,3,2/23/2024,10/3/2024,382526
36,Project_36,1,12/28/2021,5/16/2025,158610
37,Project_37,5,6/19/2024,3/12/2025,284801
38,Project_38,4,12/4/2022,4/7/2025,91119
39,Project_39,4,10/25/2022,12/10/2024,113010
40,Project_40,2,3/22/2021,6/10/2025,204547
41,Project_41,5,5/29/2024,9/29/2024,290684
42,Project_42,4,1/5/2024,8/14/2024,463851
43,Project_43,3,6/6/2024,12/11/2024,281055
44,Project_44,7,8/19/2021,10/30/2024,240481
45,Project_45,1,2/1/2023,7/17/2024,79305
46,Project_46,1,3/5/2022,7/4/2025,381719
47,Project_47,4,9/21/2021,3/23/2025,203684
48,Project_48,2,5/17/2023,11/5/2024,242548
49,Project_49,2,4/25/2021,12/31/2024,270462
50,Project_50,6,5/23/2022,3/31/2025,493321
